[
    {
      "id": 1,
      "priority": 1,
      "action": { "type": "block" },
      "condition": {
        "urlFilter": "doubleclick.net",
        "resourceTypes": ["script", "image", "xmlhttprequest"]
      }
    },
    {
      "id": 2,
      "priority": 1,
      "action": { "type": "block" },
      "condition": {
        "urlFilter": "google-analytics.com",
        "resourceTypes": ["script", "image", "xmlhttprequest"]
      }
    },
    {
      "id": 3,
      "priority": 1,
      "action": { "type": "block" },
      "condition": {
        "urlFilter": "facebook.com",
        "resourceTypes": ["script", "image", "xmlhttprequest"]
      }
    }
  ]